source,title,link,published,summary
https://www.moneycontrol.com/rss/latestnews.xml,"Buy HDFC Bank; target of Rs 1,850: ICICI Securities",https://www.moneycontrol.com/news/recommendations/buy-hdfc-bank-targetrs-1850-icici-securities_17531671.html,"Tue, 23 Apr 2024 13:41:02 +0530","ICICI Securities is bullish on HDFC Bank has recommended buy rating on the stock with a target price of Rs 1,850 in its research report dated April 21, 2024."
https://www.moneycontrol.com/rss/latestnews.xml,Buy Tejas Networks; target of Rs 1100: Emkay Global Financial,https://www.moneycontrol.com/news/recommendations/buy-tejas-networks-targetrs-1100-emkay-global-financial_17531621.html,"Tue, 23 Apr 2024 13:36:47 +0530","Emkay Global Financial is bullish on Tejas Networks has recommended buy rating on the stock with a target price of Rs 1100 in its research report dated April 23, 2024."
https://www.moneycontrol.com/rss/latestnews.xml,Buy Bajaj Finance; target of Rs 9000: Emkay Global Financial,https://www.moneycontrol.com/news/recommendations/buy-bajaj-finance-targetrs-9000-emkay-global-financial_17531641.html,"Tue, 23 Apr 2024 13:36:44 +0530","Emkay Global Financial is bullish on Bajaj Finance has recommended buy rating on the stock with a target price of Rs 9000 in its research report dated April 23, 2024."
https://www.moneycontrol.com/rss/latestnews.xml,Buy Bajaj Finance; target of Rs 9000: Emkay Global Financial,https://www.moneycontrol.com/news/recommendations/buy-bajaj-finance-targetrs-9000-emkay-global-financial_17531631.html,"Tue, 23 Apr 2024 13:36:44 +0530","Emkay Global Financial is bullish on Bajaj Finance has recommended buy rating on the stock with a target price of Rs 9000 in its research report dated April 23, 2024."
https://www.moneycontrol.com/rss/latestnews.xml,Reduce Persistent Systems; target of Rs 3700: Emkay Global Financial,https://www.moneycontrol.com/news/recommendations/reduce-persistent-systems-targetrs-3700-emkay-global-financial_17531581.html,"Tue, 23 Apr 2024 13:26:31 +0530","Emkay Global Financial recommended reduce rating on Persistent Systems with a target price of Rs 3700 in its research report dated April 22, 2024."
https://www.moneycontrol.com/rss/latestnews.xml,Reduce Aditya Birla Fashion and Retail; target of Rs 230: Emkay Global Financial,https://www.moneycontrol.com/news/recommendations/reduce-aditya-birla-fashionretail-targetrs-230-emkay-global-financial_17531571.html,"Tue, 23 Apr 2024 13:22:33 +0530","Emkay Global Financial recommended reduce rating on Aditya Birla Fashion and Retail with a target price of Rs 230 in its research report dated April 23, 2024."
https://www.moneycontrol.com/rss/latestnews.xml,Reduce Wipro; target of Rs 410: ICICI Securities,https://www.moneycontrol.com/news/recommendations/reduce-wipro-targetrs-410-icici-securities_17531461.html,"Tue, 23 Apr 2024 12:22:08 +0530","ICICI Securities is bullish on Wipro has recommended buy rating on the stock with a target price of Rs 410 in its research report dated April 21, 2024."
https://www.moneycontrol.com/rss/latestnews.xml,Buy HDFC Life Insurance Company; target of Rs 739: ICICI Securities,https://www.moneycontrol.com/news/recommendations/buy-hdfc-life-insurance-company-targetrs-739-icici-securities_17531391.html,"Tue, 23 Apr 2024 12:05:52 +0530","ICICI Securities is bullish on HDFC Life Insurance Company has recommended buy rating on the stock with a target price of Rs 739 in its research report dated April 21, 2024."
https://www.moneycontrol.com/rss/latestnews.xml,Buy Patel Engineering; target of Rs 80: ICICI Direct,https://www.moneycontrol.com/news/recommendations/buy-patel-engineering-targetrs-80-icici-direct_17531401.html,"Tue, 23 Apr 2024 12:05:43 +0530","ICICI Direct is bullish on Patel Engineering recommended buy rating on the stock with a target price of Rs 80 in its research report dated April 22, 2024."
https://www.moneycontrol.com/rss/latestnews.xml,Accumulate Infosys; target of Rs 1531: KR Choksey,https://www.moneycontrol.com/news/recommendations/accumulate-infosys-targetrs-1531-kr-choksey_17531411.html,"Tue, 23 Apr 2024 12:05:06 +0530","KR Choksey recommended Accumulate rating on Infosys with a target price of Rs 1531 in its research report dated April 22, 2024."
https://www.moneycontrol.com/rss/latestnews.xml,Buy Jindal Drilling and Industries; target of Rs 960: Anand Rathi,https://www.moneycontrol.com/news/recommendations/buy-jindal-drillingindustries-targetrs-960-anand-rathi_17531431.html,"Tue, 23 Apr 2024 12:04:28 +0530","Anand Rathi is bullish on Jindal Drilling and Industries has recommended buy rating on the stock with a target price of Rs 960 in its research report dated April 22, 2024."
https://www.moneycontrol.com/rss/latestnews.xml,Buy Navneet Education; target of Rs 182: Prabhudas Lilladher,https://www.moneycontrol.com/news/recommendations/buy-navneet-education-targetrs-182-prabhudas-lilladher_17531441.html,"Tue, 23 Apr 2024 12:04:07 +0530","Prabhudas Lilladher is bullish on Navneet Education has recommended buy rating on the stock with a target price of Rs 182 in its research report dated April 22, 2024."
https://www.moneycontrol.com/rss/latestnews.xml,Sell Indus Tower; target of Rs 260: ICICI Securities,https://www.moneycontrol.com/news/recommendations/sell-indus-tower-targetrs-260-icici-securities_17531381.html,"Tue, 23 Apr 2024 11:56:53 +0530","ICICI Securities is bearish on Indus Tower has recommended sell rating on the stock with a target price of Rs 260 in its research report dated April 20, 2024."
https://www.moneycontrol.com/rss/latestnews.xml,Buy City Union Bank; target of Rs 170: ICICI Securities,https://www.moneycontrol.com/news/recommendations/buy-city-union-bank-targetrs-170-icici-securities_17531361.html,"Tue, 23 Apr 2024 11:46:51 +0530","ICICI Securities is bullish on City Union Bank has recommended buy rating on the stock with a target price of Rs 170 in its research report dated April 21, 2024."
https://www.moneycontrol.com/rss/latestnews.xml,Buy Hatsun Agro Products; target of Rs 1190: ICICI Securities,https://www.moneycontrol.com/news/recommendations/buy-hatsun-agro-products-targetrs-1190-icici-securities_17531371.html,"Tue, 23 Apr 2024 11:46:43 +0530","ICICI Securities is bullish on Hatsun Agro Products recommended buy rating on the stock with a target price of Rs 1190 in its research report dated April 23, 2024."
https://www.livemint.com/rss/money,"DA hike for government employees: What is dearness allowance, how is it calculated | All you need to know",https://www.livemint.com/money/personal-finance/da-hike-for-government-employees-what-is-dearness-allowance-how-is-it-calculated-all-you-need-to-know-11759319088827.html,"Wed, 01 Oct 2025 17:55:15 +0530","The Union Cabinet has approved a 3% increase in dearness allowance for central government employees, benefiting 49.19 lakh employees and 68.72 lakh pensioners. The adjustment aims to offset inflation and maintain purchasing power, affecting salaries of government employees."
https://www.livemint.com/rss/money,"The new Income Tax Act has not simplified tax, says CA Prakash Hegde",https://www.livemint.com/money/new-tax-regime-capital-gains-taxation-standard-deduction-tax-compliance-real-estate-tax-advantages-11759310316746.html,"Wed, 01 Oct 2025 16:40:01 +0530","While the introduction of a new tax regime and revised capital gains taxation in India offers simplicity, complexities in compliance persist, requiring professional assistance for navigation."
https://www.livemint.com/rss/money,5 hidden clauses in personal loan agreements you can’t afford to miss,https://www.livemint.com/money/personal-finance/5-hidden-clauses-in-personal-loan-agreements-you-can-t-afford-to-miss-interest-rates-credit-score-emis-11759315060880.html,"Wed, 01 Oct 2025 16:34:52 +0530","Hidden clauses in personal loan agreements can significantly impact borrowing costs. Understanding interest rates, fees, repayment tenure, and legal terms ensures responsible borrowing and protection from debt traps."
https://www.livemint.com/rss/money,"Unclaimed shares: As Canara Bank set to transfer securities to IEPF, how can you claim them back?",https://www.livemint.com/money/personal-finance/unclaimed-shares-as-canara-bank-set-to-transfer-securities-to-iepf-how-can-you-claim-them-back-11759313580396.html,"Wed, 01 Oct 2025 16:31:15 +0530",The state lender issued a notice intimating public of transfer of unclaimed shares and dividend to IEPF (Investor Education and Protection Fund)
https://www.livemint.com/rss/money,"Retail investors, here’s why bonds could be your next best bet",https://www.livemint.com/money/personal-finance/bonds-retail-investors-investment-portfolio-stocks-fixed-deposits-11759297406165.html,"Wed, 01 Oct 2025 16:09:21 +0530","Safe, consistent, and accessible—bonds offer retail investors a middle ground between volatile equities and low-yield fixed deposits."
https://www.livemint.com/rss/money,Planning to raise a personal loan this festive season? 7 key points to remember,https://www.livemint.com/money/personal-finance/planning-to-raise-a-personal-loan-this-festive-season-7-key-points-to-remember-11759307733714.html,"Wed, 01 Oct 2025 15:59:31 +0530","It is quite normal to raise a personal loan, or at least use a credit card, to meet spike in expenses during festive season"
https://www.livemint.com/rss/money,"SBI Card revises fee, other charges with effect from Nov 1. Check latest updates here",https://www.livemint.com/money/personal-finance/sbi-card-revises-fee-other-charges-with-effect-from-nov-1-check-latest-updates-here-sbi-credit-card-11759305290745.html,"Wed, 01 Oct 2025 14:15:47 +0530","With effect from 1st Nov 2025, revised fee and charges will be applicable on SBI Credit Card. For example, 1% of the transaction amount would be applicable on education payments made through third-party apps"
https://www.livemint.com/rss/money,Credit card in your first job: Smart move or risky choice?,https://www.livemint.com/money/personal-finance/credit-card-in-your-first-job-smart-move-or-risky-choice-credit-score-11759306209048.html,"Wed, 01 Oct 2025 14:09:39 +0530","A credit card in your first job helps young professionals build credit history, manage finances, and handle emergencies while emphasising responsible usage and understanding risks for long-term financial growth."
https://www.livemint.com/rss/money,"What is FOIR, and how does it affect your personal loan approval",https://www.livemint.com/money/personal-finance/what-is-foir-and-how-does-it-affect-your-personal-loan-approval-emis-11759304844589.html,"Wed, 01 Oct 2025 14:05:36 +0530","FOIR or Fixed Obligation to Income Ratio affects personal loan eligibility by measuring monthly debt obligations against income and helps borrowers manage EMIs, improve creditworthiness, and secure better loan terms."
https://www.livemint.com/rss/money,"If you're not investing in US stocks, you may be missing something",https://www.livemint.com/money/us-stocks-tesla-netflix-alphabet-amazon-shares-markets-equites-india-ltcg-tax-11759297888110.html,"Wed, 01 Oct 2025 14:01:45 +0530","Tesla, Netflix, Amazon—just three of the multiple innovator companies that you can buy, if you're investing in the US market. Such diversification also reduces risk and provides a cushion during local turbulence—the reason many of India's young and tech-savvy investors are flocking to them."
https://www.livemint.com/rss/money,Why is credit monitoring now indispensable for financial planning?,https://www.livemint.com/money/personal-finance/why-is-credit-monitoring-now-indispensable-for-financial-planning-credit-score-credit-cards-loans-11759306030994.html,"Wed, 01 Oct 2025 13:54:10 +0530","Credit monitoring has evolved from a reactive approach to a proactive tool, allowing consumers to access credit reports easily and manage their financial health."
https://www.livemint.com/rss/money,RBI may ask banks to submit credit data to CIBIL every week to pave way for updated credit scores: Report,https://www.livemint.com/money/personal-finance/rbi-may-ask-banks-to-submit-credit-data-to-cibil-every-week-to-pave-way-for-updated-credit-scores-report-loans-11759303877547.html,"Wed, 01 Oct 2025 13:28:24 +0530","Credit score: In view of growing reliance on credit information reports, banks may be told to submit credit data to credit other information companies every week. This would result into more updated credit score for users"
https://www.livemint.com/rss/money,Angel investors more likely to lose money than hit a six: Zerodha's Dinesh Pai,https://www.livemint.com/money/angel-investors-more-likely-to-lose-money-than-hit-a-six-zerodhas-dinesh-pai-11759295943619.html,"Wed, 01 Oct 2025 12:32:32 +0530","At Mint Money Festival, Zerodha’s Dinesh Pai shared why Rainmatter backs founders obsessed with real problems, why execution trumps ideas, and why most retail investors should avoid angel bets."
https://www.livemint.com/rss/money,Mutual funds: How much should be your monthly SIP to accumulate  ₹1 crore in the next 12 years?,https://www.livemint.com/money/personal-finance/mutual-funds-how-much-should-be-your-monthly-sip-to-accumulate-rs-1-crore-in-the-next-12-years-11759239084950.html,"Wed, 01 Oct 2025 09:51:45 +0530","Mutual Funds: For a consistent investment in SIP to hit  ₹1 crore, investor must set aside a minimum of  ₹36,000 per month for 12 long years when the rate of return is 10 percent a year."
https://www.livemint.com/rss/money,Which credit cards can help you save money this festive season? Check list here,https://www.livemint.com/money/personal-finance/which-credit-cards-can-help-you-save-money-this-festive-season-from-navrtri-to-diwali-11759237195857.html,"Tue, 30 Sep 2025 19:00:01 +0530",Credit cards: There are several cards offering tempting cashback and discount deals from Navratri to Diwali. We list out some of them here. The list below is indicative and not exhaustive
https://www.livemint.com/rss/money,"Own a slice of malls, offices with just  ₹500: The Reit revolution in India",https://www.livemint.com/money/real-estate-investment-trusts-reits-india-rental-income-retail-investors-commercial-real-estate-11759216192168.html,"Tue, 30 Sep 2025 18:37:07 +0530","Reits, or Real Estate Investment Trusts, let retail investors earn rental income, benefit from property appreciation, and skip the hassles of landlords—making commercial real estate accessible to everyone."
https://www.livemint.com/rss/money,Mint Horizons returns to Mumbai to simplify global investing,https://www.livemint.com/money/personal-finance/mint-horizons-returns-to-mumbai-to-simplify-global-investing-11759232557125.html,"Tue, 30 Sep 2025 18:32:05 +0530","Mint Horizons returns to Mumbai with a masterclass aimed at Indian investors seeking to expand their portfolios globally. The workshop will feature financial experts discussing strategies for international investing, risk management, and asset diversification."
https://www.livemint.com/rss/money,Credit Score: How to protect yourself from digital threats? Explainer,https://www.livemint.com/money/personal-finance/credit-score-how-to-protect-yourself-from-digital-threats-explainer-11759236213873.html,"Tue, 30 Sep 2025 18:25:23 +0530","Digital threats may come in many forms, but identity theft remains the primary culprit affecting credit scores. Cybercriminals may steal personal information such as bank details, or login credentials — through phishing emails, malware, or massive data breaches."
https://www.livemint.com/rss/money,"Small savings schemes: Govt announces interest rates for PPF, NSC for October-December quarter of FY26; check details",https://www.livemint.com/money/personal-finance/small-savings-schemes-govt-announces-interest-rates-for-ppf-nsc-for-october-december-quarter-of-fy26-check-details-11759234031540.html,"Tue, 30 Sep 2025 18:09:11 +0530","Small savings scheme: The Ministry of Finance has maintained the interest rates for various small savings schemes for the third quarter of FY 2025-26, effective from October 1, 2025, with rates unchanged from the previous quarter."
https://www.livemint.com/rss/money,Applying for personal loan? These are the documents you would require. Check list here,https://www.livemint.com/money/personal-finance/applying-for-personal-loan-these-are-the-documents-you-would-require-check-list-here-11759231820218.html,"Tue, 30 Sep 2025 17:42:45 +0530","The documents that are needed for a personal loan can vary from lender to lender (bank or fintech platform) and employment type (salaried or self-employed), and whether you're a pre-approved customer or not."
https://www.livemint.com/rss/markets,Gold crosses  ₹1.20 lakh mark: Watch out for these 5 investment mistakes,https://www.livemint.com/market/commodities/gold-crosses-rs-1-20-lakh-mark-watch-out-for-these-5-investment-mistakes-11759318098051.html,"Wed, 01 Oct 2025 18:16:37 +0530","Gold prices crossing  ₹1.20 lakh highlight both opportunities and risks as investors must avoid common mistakes, balance gold and silver allocations, and focus on long-term disciplined investment strategies."
https://www.livemint.com/rss/markets,US shutdown deadline today: What does it mean for the US stock market? EXPLAINED,https://www.livemint.com/market/stock-market-news/us-shutdown-deadline-today-what-does-it-mean-for-the-us-stock-market-explained-11759321816007.html,"Wed, 01 Oct 2025 18:14:49 +0530","The U.S. is on the brink of its first government shutdown in seven years as the Senate rejected the House’s funding bill. Without an approved budget, federal operations may cease, impacting over employment and raising concerns about market volatility amid global economic challenges."
https://www.livemint.com/rss/markets,"Tata Capital IPO: 10 key risks you should know about before investing in  ₹15,512 crore issue",https://www.livemint.com/market/ipo/tata-capital-ipo-10-key-risks-you-should-know-about-before-investing-in-rs-15-511-crore-issue-11759307817807.html,"Wed, 01 Oct 2025 16:49:39 +0530","Tata Capital's IPO opens for bidding on October 6, aiming to raise  ₹15,512 crore through a mix of fresh issues and an offer for sale. The price band is set at  ₹310– ₹326 per share, with shares listed on BSE and NSE on October 13."
https://www.livemint.com/rss/markets,"Top Gainers & Losers on Oct 01: Netweb Tech, Tata Motors, Adani Power, Vodafone Idea, Trent among top gainers",https://www.livemint.com/market/stock-market-news/top-gainers-losers-on-oct-01-netweb-tech-tata-motors-adani-power-vodafone-idea-cochin-shipyard-among-top-gain-11759311903914.html,"Wed, 01 Oct 2025 15:39:49 +0530","The Indian stock market rebounded on October 1, with key indexes gaining nearly 1%. The rally, driven by banking stocks, followed RBI's measures to boost liquidity while maintaining the repo rate at 5.5%. Nifty Media surged 3.79%, while Nifty PSU Bank lagged with a 0.30% drop."
https://www.livemint.com/rss/markets,"Stock market today: 118 stocks hit 52-week lows, 150 stocks at 52-week high as Nifty 50, Sensex end nearly 1% higher",https://www.livemint.com/market/stock-market-news/stock-market-today-118-stocks-hit-52-week-lows-150-stocks-at-52-week-high-as-nifty-50-sensex-end-nearly-1-higher-11759312913413.html,"Wed, 01 Oct 2025 15:33:46 +0530","Stock market today: On Thursday, 150 stocks reached 52-week highs while 118 hit lows. The Sensex rose by 715.7 points and Nifty 50 by 0.92%, aided by the RBI maintaining the repo rate at 5.50%, signaling stable monetary policy and positive economic outlook."
https://www.livemint.com/rss/markets,"Sensex snaps 8-day losing streak, investors earn  ₹4 lakh crore in a day— 10 key highlights from Indian stock market",https://www.livemint.com/market/stock-market-news/sensex-snaps-8-day-losing-streak-investors-earn-4-lakh-crore-in-a-day-10-key-highlights-from-indian-stock-market-11759311932239.html,"Wed, 01 Oct 2025 15:32:20 +0530","Stock market today: The Sensex ended the day 716 points, or 0.89 per cent, higher at 80,983.31, while the Nifty 50 settled at 24,836.30, up 225 points, or 0.92 per cent."
https://www.livemint.com/rss/markets,"This small-cap, agri stock jumps 80% YTD; do you own?",https://www.livemint.com/market/stock-market-news/this-small-cap-agri-stock-grm-overseas-jumps-80-ytd-do-you-own-11759304500500.html,"Wed, 01 Oct 2025 15:30:55 +0530","GRM Overseas has experienced an impressive 80% rise in stock value this year, driven by strategic investments and a booming rice-export market. With major investors increasing their stakes and promising financial results, the company is well-positioned for future growth in the agri sector."
https://www.livemint.com/rss/markets,Trualt Bioenergy IPO listing date in focus: Here’s what GMP signals about debut of shares,https://www.livemint.com/market/ipo/trualt-bioenergy-ipo-listing-date-in-focus-here-s-what-gmp-signals-about-debut-of-shares-11759311809446.html,"Wed, 01 Oct 2025 15:19:25 +0530","Trualt Bioenergy IPO listing date is 3 October 2025, and the stock will be listed on both the stock exchanges. Ahead of the share debut, Trualt Bioenergy IPO GMP today signals strong debut of shares in the stock market."
https://www.livemint.com/rss/markets,Gold rate today: How US government shut down likely to affect bullion? Experts weigh in,https://www.livemint.com/market/commodities/gold-rate-today-how-us-government-shut-down-likely-to-affect-bullion-experts-weigh-in-11759305341214.html,"Wed, 01 Oct 2025 15:15:49 +0530","Rahul Kalantri VP commodities at Mehta Equities Ltd, said that gold is often considered a safe-haven asset during political, economic, or financial stress, investors tend to shift capital into gold, which doesn’t carry credit risk in the same way that bonds or equities do."
https://www.livemint.com/rss/markets,US government shutdown 2025: What it means for US and Indian stock market?,https://www.livemint.com/market/stock-market-news/us-government-shutdown-2025-what-it-means-for-us-and-indian-stock-market-11759308818270.html,"Wed, 01 Oct 2025 15:09:23 +0530","As the US government enters its latest shutdown, experts assess its impact on the stock markets. While some fluctuations are expected, analysts believe the long-term effects will be minimal, with potential benefits for emerging markets like India amidst a weaker US dollar."
https://www.livemint.com/rss/markets,"Stock market holiday: Is Indian stock market closed tomorrow for Dussehra, Mahatma Gandhi Jayanti?",https://www.livemint.com/market/stock-market-news/stock-market-holiday-is-indian-stock-market-closed-tomorrow-for-dussehra-mahatma-gandhi-jayanti-11759309094109.html,"Wed, 01 Oct 2025 14:41:42 +0530",Stock market holiday: Investors are advised to look at the stock market holidays 2025 list on the official BSE website — bseindia.com. Investors can click on the Trading Holidays toolbar at the top of the website to find out the list of stock market holidays in 2025.
https://www.livemint.com/rss/markets,"Manufacturing PMI dips in September, while exports rise. Are both blips?",https://www.livemint.com/market/mark-to-market/hsbc-india-manufacturing-pmi-data-september-exports-imports-gst-cuts-economy-11759305551221.html,"Wed, 01 Oct 2025 14:31:31 +0530","The drop in the headline index may be a one-off as manufacturers are confident that GST cuts will boost domestic demand. And while demand from other countries may be offsetting a drop in demand from the US, it's too early to celebrate the increase in exports."
https://www.livemint.com/rss/markets,India’s IPO market is booming. So why are foreign investors staying away?,https://www.livemint.com/market/stock-market-news/fiis-hold-back-india-ipo-boom-11759167660667.html,"Wed, 01 Oct 2025 14:01:27 +0530","Foreign institutional investors have pulled back from India’s IPOs due to high valuations and limited upside, opting not to offset their heavy selling in the secondary market. Experts site three conditions for FII optimism in India to stage a comeback.&nbsp;"
https://www.livemint.com/rss/markets,Small-cap stock under  ₹50 declares 20% final dividend in FY26. Details here,https://www.livemint.com/market/stock-market-news/smallcap-stock-under-50-hazoor-multi-projects-declares-20-final-dividend-in-fy26-details-here-11759302845253.html,"Wed, 01 Oct 2025 13:25:06 +0530",Small-cap multibagger stock has been trading in red in the near-term. The stock descended nearly 10 per cent in six months over 94 per cent in one year.
https://www.livemint.com/rss/markets,Earnings Preview: Muted Q2FY26 ahead for IT companies; mid-caps seen outperforming large-caps: Motilal Oswal,https://www.livemint.com/market/stock-market-news/earnings-preview-muted-q2fy26-ahead-for-it-companies-mid-caps-seen-outperforming-large-caps-motilal-oswal-11759302303419.html,"Wed, 01 Oct 2025 13:24:33 +0530","India's tech firms will announce Q2FY26 results next week, with analysts predicting muted growth due to macroeconomic uncertainties. Large-cap IT companies may see 0.3% to 2.4% growth, while mid-caps are expected to outperform."
https://www.livemint.com/rss/markets,European Bank Stocks Still Hold Appeal After Record Winning Run,https://www.livemint.com/market/stock-market-news/european-bank-stocks-still-hold-appeal-after-record-winning-run-11759304720963.html,"Wed, 01 Oct 2025 13:15:20 +0530",European banking stocks have just matched their record quarterly winning run and the good news for bulls is that their performance looks far from stretched.
https://www.livemint.com/rss/markets,How RBI measures will impact Indian banks? Bank Nifty up over 1%,https://www.livemint.com/market/stock-market-news/how-rbi-measures-will-impact-indian-banks-bank-nifty-up-over-1-11759301479480.html,"Wed, 01 Oct 2025 13:14:23 +0530","The Bank Nifty rose over 1% as the RBI introduced measures to improve credit availability while keeping the repo rate at 5.5%. Key banks like Kotak Mahindra, AXIS, ICICI, and HDFC saw gains of 1%-3%. RBI's initiatives aim to enhance lending and lower financing costs."
https://www.livemint.com/rss/markets,Paint sector’s new challengers put to the test in tepid festive season,https://www.livemint.com/market/mark-to-market/birla-opus-jsw-paints-compete-asian-berger-11759301367077.html,"Wed, 01 Oct 2025 13:10:54 +0530","Early Diwali and soft consumer demand are testing India’s paint market, with festive-season sales slower than expected..Meanwhile, challengers like Birla Opus and JSW Paints are pressing on the incumbents—navigating distribution, pricing, and margin pressures amid muted growth."
https://www.livemint.com/rss/markets,"Radhika Gupta advises investors looking to dabble in SIFs: From expected returns, to allocation, evaluation and more",https://www.livemint.com/market/stock-market-news/radhika-gupta-advises-investors-dabble-sifs-expected-returns-allocation-percentage-11759298884175.html,"Wed, 01 Oct 2025 12:39:28 +0530","Edelweiss MF chief Radhika Gupta explained SIFs to followers on social media, noting that the options vary significantly even within the same category. Her advice? Understand your investment needs before allocating funds."
https://www.livemint.com/rss/markets,Smallcap stock below  ₹15 makes a stellar 87% comeback in September after 8-month losing streak. Do you own?,https://www.livemint.com/market/stock-market-news/mercury-trade-links-stock-below-rs-15-makes-a-stellar-87-comeback-in-september-after-8-month-losing-streak-11759299662193.html,"Wed, 01 Oct 2025 12:03:24 +0530","Mercury Trade Links shares surged 87% in September, ending an eight-month losing streak. It continued to rise in October, hitting a 5% upper circuit at  ₹12.61 apiece during Wednesday's trade. This marks the 15th straight day that the stock has been locked at the upper price band level.&nbsp;"
https://in.investing.com/rss/stock_Stocks.rss,Avoid These Common Mistakes When Trading Price Breakouts,https://in.investing.com/analysis/avoid-these-common-mistakes-when-trading-price-breakouts-200630343,"Aug 09, 2025 09:17 GMT",
https://in.investing.com/rss/stock_Stocks.rss,How Today’s Bull Market Compares to the Great Runs of the Past,https://in.investing.com/analysis/how-todays-bull-market-compares-to-the-great-runs-of-the-past-200630342,"Aug 09, 2025 09:13 GMT",
https://in.investing.com/rss/stock_Stocks.rss,"Dotcom Lessons Return: Why Low-Beta, High-Quality Stocks May Shine Again",https://in.investing.com/analysis/dotcom-lessons-return-why-lowbeta-highquality-stocks-may-shine-again-200630276,"Aug 09, 2025 09:09 GMT",
https://in.investing.com/rss/stock_Stocks.rss,Duolingo Stock Targets Up to $600 as Analysts Back AI-Driven Growth Story,https://in.investing.com/analysis/duolingo-stock-targets-up-to-600-as-analysts-back-aidriven-growth-story-200630341,"Aug 08, 2025 20:15 GMT",
https://in.investing.com/rss/stock_Stocks.rss,Tempus AI: Q2 Earnings Mark a Turning Point in AI-Powered Healthcare Strategy,https://in.investing.com/analysis/tempus-ai-q2-earnings-mark-a-turning-point-in-aipowered-healthcare-strategy-200630338,"Aug 08, 2025 14:16 GMT",
https://in.investing.com/rss/stock_Stocks.rss,Take-Two Interactive: Why It's a Strong Buy With Explosive Growth Ahead,https://in.investing.com/analysis/taketwo-interactive-why-its-a-strong-buy-with-explosive-growth-ahead-200630336,"Aug 08, 2025 12:49 GMT",
https://in.investing.com/rss/stock_Stocks.rss,Thematic Portfolio Update: Reassessing Key Holdings in Volatile Market Environment,https://in.investing.com/analysis/thematic-portfolio-update-reassessing-key-holdings-in-volatile-market-environment-200630334,"Aug 08, 2025 12:33 GMT",
https://in.investing.com/rss/stock_Stocks.rss,SoundHound AI: Why Is the Stock Surging After Q2 Earnings?,https://in.investing.com/analysis/soundhound-ai-why-is-the-stock-surging-after-q2-earnings-200630332,"Aug 08, 2025 11:15 GMT",
https://in.investing.com/rss/stock_Stocks.rss,Top 5 Positions You Need to Exit NOW,https://in.investing.com/analysis/top-5-positions-you-need-to-exit-now-200630325,"Aug 08, 2025 08:33 GMT",
https://in.investing.com/rss/stock_Stocks.rss,SAIL Share Fundamental Analysis,https://in.investing.com/analysis/sail-share-fundamental-analysis-200630318,"Aug 08, 2025 05:35 GMT",
https://in.investing.com/rss/stock_stock_picks.rss,"Frustration or Opportunity? Maruti, Britannia, Eicher Motors & Bharti Airtel",https://in.investing.com/analysis/frustration-or-opportunity-maruti-britannia-eicher-motors--bharti-airtel-200630209,"Aug 04, 2025 05:45 GMT",
https://in.investing.com/rss/stock_stock_picks.rss,"1 Stock to Buy, 1 Stock to Sell This Week: Amazon, Starbucks",https://in.investing.com/analysis/1-stock-to-buy-1-stock-to-sell-this-week-amazon-starbucks-200630103,"Jul 27, 2025 07:01 GMT",
https://in.investing.com/rss/stock_stock_picks.rss,"Bull, Bear & Beyond: The Zoo of Market Psychology",https://in.investing.com/analysis/bull-bear--beyond-the-zoo-of-market-psychology-200630021,"Jul 22, 2025 05:05 GMT",
https://in.investing.com/rss/stock_stock_picks.rss,"1 Stock to Buy, 1 Stock to Sell This Week: Tesla, Intel",https://in.investing.com/analysis/1-stock-to-buy-1-stock-to-sell-this-week-tesla-intel-200629997,"Jul 20, 2025 13:10 GMT",
https://in.investing.com/rss/stock_stock_picks.rss,"1 Stock to Buy, 1 Stock to Sell This Week: JPMorgan Chase, PepsiCo",https://in.investing.com/analysis/1-stock-to-buy-1-stock-to-sell-this-week-jpmorgan-chase-pepsico-200629879,"Jul 13, 2025 12:55 GMT",
https://in.investing.com/rss/stock_stock_picks.rss,"1 Stock to Buy, 1 Stock to Sell This Week: Amazon, Tesla",https://in.investing.com/analysis/1-stock-to-buy-1-stock-to-sell-this-week-amazon-tesla-200629778,"Jul 06, 2025 13:37 GMT",
https://in.investing.com/rss/stock_stock_picks.rss,"1 Stock to Buy, 1 Stock to Sell This Week: Tesla, Constellation Brands",https://in.investing.com/analysis/1-stock-to-buy-1-stock-to-sell-this-week-tesla-constellation-brands-200629678,"Jun 29, 2025 12:37 GMT",
https://in.investing.com/rss/stock_stock_picks.rss,Range Compression Nears End – JSW Steel Set for a Move?,https://in.investing.com/analysis/range-compression-nears-end--jsw-steel-set-for-a-move-200629636,"Jun 26, 2025 06:42 GMT",
https://in.investing.com/rss/stock_stock_picks.rss,"1 Stock to Buy, 1 Stock to Sell This Week: Micron, Nike",https://in.investing.com/analysis/1-stock-to-buy-1-stock-to-sell-this-week-micron-nike-200629557,"Jun 22, 2025 12:47 GMT",
https://in.investing.com/rss/stock_stock_picks.rss,"1 Stock to Buy, 1 Stock to Sell This Week: Amazon, Lennar",https://in.investing.com/analysis/1-stock-to-buy-1-stock-to-sell-this-week-amazon-lennar-200629457,"Jun 15, 2025 13:44 GMT",
https://in.investing.com/rss/news_25.rss,European logistics stocks face pressure as key players signal guidance changes,https://in.investing.com/news/stock-market-news/european-logistics-stocks-face-pressure-as-key-players-signal-guidance-changes-5028461,2025-10-01 12:44:11,
https://in.investing.com/rss/news_25.rss,Rezolve Ai stock surges after raising 2025 guidance,https://in.investing.com/news/stock-market-news/rezolve-ai-stock-surges-after-raising-2025-guidance-93CH-5028444,2025-10-01 12:42:09,
https://in.investing.com/rss/news_25.rss,Nova Minerals stock surges after securing $43.4M Defense funding,https://in.investing.com/news/stock-market-news/nova-minerals-stock-surges-after-securing-434m-defense-funding-93CH-5028443,2025-10-01 12:42:09,
https://in.investing.com/rss/news_25.rss,Clean Energy Technologies stock plunges after 1-for-15 reverse split,https://in.investing.com/news/stock-market-news/clean-energy-technologies-stock-plunges-after-1for15-reverse-split-93CH-5028400,2025-10-01 12:36:08,
https://in.investing.com/rss/news_25.rss,Netflix stock falls after Elon Musk urges followers to cancel service,https://in.investing.com/news/stock-market-news/netflix-stock-falls-after-elon-musk-urges-followers-to-cancel-service-5028194,2025-10-01 12:24:07,
https://in.investing.com/rss/news_25.rss,Peloton shares jump after AI-driven overhaul,https://in.investing.com/news/stock-market-news/peloton-shares-jump-after-aidriven-overhaul-5028366,2025-10-01 12:22:07,
https://in.investing.com/rss/news_25.rss,"Citi lifts targets for Legrand, Schneider on AI and datacentre growth",https://in.investing.com/news/stock-market-news/citi-lifts-targets-for-legrand-schneider-on-ai-and-datacentre-growth-5028348,2025-10-01 12:20:12,
https://in.investing.com/rss/news_25.rss,"Agroz Inc. prices IPO at $4 per share, raising $5 million",https://in.investing.com/news/stock-market-news/agroz-inc-prices-ipo-at-4-per-share-raising-5-million-432SI-5028330,2025-10-01 12:16:07,
https://in.investing.com/rss/news_25.rss,Peloton stock rises after introducing new commercial equipment line,https://in.investing.com/news/stock-market-news/peloton-stock-rises-after-introducing-new-commercial-equipment-line-93CH-5028247,2025-10-01 12:04:13,
https://in.investing.com/rss/news_25.rss,"CFRA upgrades Spotify to “buy,” keeps $790 target after leadership change",https://in.investing.com/news/stock-market-news/cfra-upgrades-spotify-to-buy-keeps-790-target-after-leadership-change-5028234,2025-10-01 12:02:06,
https://in.investing.com/rss/news_357.rss,United Therapeutics CEO Rothblatt sells $3.39m in shares,https://in.investing.com/news/insider-trading-news/united-therapeutics-ceo-rothblatt-sells-339m-in-shares-93CH-5028351,2025-10-01 12:20:15,
https://in.investing.com/rss/news_357.rss,InnSuites Hospitality trustee Kutasi sells $46.23M in IHT stock,https://in.investing.com/news/insider-trading-news/innsuites-hospitality-trustee-kutasi-sells-4623m-in-iht-stock-93CH-5027815,2025-10-01 10:32:08,
https://in.investing.com/rss/news_357.rss,Innsuites Hospitality Trust CEO sells $179 million in stock,https://in.investing.com/news/insider-trading-news/innsuites-hospitality-trust-ceo-sells-179-million-in-stock-93CH-5027808,2025-10-01 10:30:09,
https://in.investing.com/rss/news_357.rss,Ormat Technologies CEO Blachar sells $1.42m in shares,https://in.investing.com/news/insider-trading-news/ormat-technologies-ceo-blachar-sells-142m-in-shares-93CH-5027109,2025-10-01 02:06:09,
https://in.investing.com/rss/news_357.rss,Ormat Technologies GC Woelfel sells $531k in shares,https://in.investing.com/news/insider-trading-news/ormat-technologies-gc-woelfel-sells-531k-in-shares-93CH-5027108,2025-10-01 02:06:09,
https://in.investing.com/rss/news_357.rss,Ormat Technologies director Stern sells $60k in shares,https://in.investing.com/news/insider-trading-news/ormat-technologies-director-stern-sells-60k-in-shares-93CH-5027106,2025-10-01 02:00:07,
https://in.investing.com/rss/news_357.rss,Wk Kellogg chief customer officer disposes of $280k in stock,https://in.investing.com/news/insider-trading-news/wk-kellogg-chief-customer-officer-disposes-of-280k-in-stock-93CH-5027104,2025-10-01 01:56:07,
https://in.investing.com/rss/news_357.rss,Perestroika buys Transocean (RIG) shares worth $12.2 million,https://in.investing.com/news/insider-trading-news/perestroika-buys-transocean-rig-shares-worth-122-million-93CH-5027102,2025-10-01 01:50:07,
https://in.investing.com/rss/news_357.rss,Perestroika (Cyprus) buys Transocean (RIG) shares worth $12.2 million,https://in.investing.com/news/insider-trading-news/perestroika-cyprus-buys-transocean-rig-shares-worth-122-million-93CH-5027101,2025-10-01 01:50:07,
https://in.investing.com/rss/news_357.rss,"Trupanion CEO Margaret Tooth sells $124,002 in shares",https://in.investing.com/news/insider-trading-news/trupanion-ceo-margaret-tooth-sells-124002-in-shares-93CH-5027099,2025-10-01 01:44:07,
https://www.livemint.com/rss/money,Why state government finances should not be overlooked,https://www.livemint.com/money/personal-finance/why-state-government-finances-should-not-be-overlooked-gdp-government-bonds-11759476844763.html,"Fri, 03 Oct 2025 13:16:14 +0530","State fiscal policy is facing challenges with a rising fiscal deficit, increasing bond issuances, and slowing tax revenue. While historically fiscally prudent, states are now struggling due to reduced grants from the Centre and a decline in income growth, impacting overall financial stability."
https://www.livemint.com/rss/money,What are the tax benefits of an HUF under current tax laws?,https://www.livemint.com/money/personal-finance/what-are-the-tax-benefits-of-an-huf-under-current-tax-laws-new-tax-regime-old-tax-regime-11759474698624.html,"Fri, 03 Oct 2025 12:42:54 +0530","HUFs are treated as separate tax entities under income tax laws, allowing for distinct tax exemptions, investments, and home loan benefits."
https://www.livemint.com/rss/money,THESE 9 equity mutual funds gave over 25% annualised return in past 3 years. See list,https://www.livemint.com/money/personal-finance/best-mutual-funds-9-equity-funds-gave-over-25-per-cent-return-in-past-3-years-see-list-top-mutual-funds-11759412802751.html,"Fri, 03 Oct 2025 09:51:58 +0530",Best mutual funds: We list out nine equity mutual funds across market capitalisation which gave more than 25 per cent annualised return in the past three years
https://www.livemint.com/rss/money,Rise of hyper-personalised credit score advice: Is it the right fit?,https://www.livemint.com/money/personal-finance/rise-of-hyper-personalised-credit-score-advice-is-it-the-right-fit-11759325317120.html,"Fri, 03 Oct 2025 09:46:50 +0530","The growth of personalised credit advice happened place because of AI’s ability to process real-time data at scale, which transformed traditional credit scoring from a one-size-fits-all model into user-centric experience."
https://www.livemint.com/rss/money,Switching jobs? Here’s a guide to transfer your PF claims — Key FAQs answered,https://www.livemint.com/money/personal-finance/switching-jobs-here-s-a-guide-to-transfer-your-pf-claims-key-faqs-answered-11759390974248.html,"Thu, 02 Oct 2025 23:51:04 +0530","To transfer your PF online, log in to the EPFO portal and submit a transfer request. For a successful claim, ensure both previous and current member IDs are accessible in the EPFO database."
https://www.livemint.com/rss/money,Not PPF or NSC – this small savings scheme offers the highest interest. Check the latest rate here,https://www.livemint.com/money/personal-finance/not-ppf-or-nsc-sukanya-samriddhi-yojana-small-savings-scheme-offers-the-highest-interest-check-latest-rate-here-11759406222236.html,"Thu, 02 Oct 2025 21:39:39 +0530","Small savings schemes offer reliable long-term investment returns, appealing to conservative investors. The Sukanya Samriddhi Yojana has the highest interest rate at 8.2%.&nbsp;"
https://www.livemint.com/rss/money,Parag Parikh Flexi Cap Fund's new IDCW option: See how it can significantly reduce your tax burden,https://www.livemint.com/money/personal-finance/parag-parikh-flexi-cap-fund-idcw-tax-benefits-investors-idcw-option-tax-savings-senior-citizens-11759411165529.html,"Thu, 02 Oct 2025 20:35:05 +0530",Parag Parikh Flexi Cap Fund’s Income Distribution cum Capital Withdrawal option offers a tax-efficient route. Here’s how it works.
https://www.livemint.com/rss/money,Banks charge THESE interest rates on personal loans in October 2025. Check the latest rates here,https://www.livemint.com/money/personal-finance/bank-charge-these-interest-rates-on-personal-loans-in-october-2025-check-latest-rates-sbi-bob-hdfc-icici-bank-11759408621020.html,"Thu, 02 Oct 2025 19:14:53 +0530","Since personal loans are unsecured, lenders typically charge a higher rate of interest on them."
https://www.livemint.com/rss/money,"Mutual Funds: From flexicap to realty, 9 new fund offers (NFOs) up for grabs in October. See list here",https://www.livemint.com/money/personal-finance/mutual-funds-from-flexicap-to-realty-9-new-fund-offers-up-for-grabs-in-october-see-list-here-nfo-alert-11759398940861.html,"Thu, 02 Oct 2025 16:35:56 +0530",NFO Alert! There are nine new mutual fund schemes that are available for investment in this month. Check the list here
https://www.livemint.com/rss/money,IndiGo SBI Card. Features & rewards offered by this co-branded card explained,https://www.livemint.com/money/personal-finance/indigo-sbi-card-features-rewards-offered-by-this-co-branded-card-explained-11759396190544.html,"Thu, 02 Oct 2025 15:24:18 +0530","IndiGo and SBI offer a co-branded credit card for an annual fee of  ₹1,499, giving an array of privileges"
https://www.livemint.com/rss/money,How would Sebi's validated UPI handles make digital payments safer for investors?,https://www.livemint.com/money/personal-finance/how-would-sebis-validated-upi-handles-make-digital-payments-safer-for-investors-11759394024428.html,"Thu, 02 Oct 2025 14:34:37 +0530","UPI payments: Validated handles (@valid) are introduced as an additional payment option for investors. This compliments existing payment modes, allowing investors the flexibility to continue using the method they are most comfortable with."
https://www.livemint.com/rss/money,FD interest rates: These 7 banks offer highest rates on long-term deposits,https://www.livemint.com/money/personal-finance/fd-interest-rates-these-7-banks-offer-highest-rates-on-long-term-deposits-11759319495125.html,"Wed, 01 Oct 2025 19:22:13 +0530","FD interest rates: Though most banks offer similar interest on their term deposits, the rates may vary marginally."
https://www.livemint.com/rss/markets,Phones to circuit boards: India’s electronic manufacturing bet draws record investor interest,https://www.livemint.com/market/mark-to-market/phones-to-circuit-boards-india-s-electronic-manufacturing-bet-draws-record-investor-interest-11759473982361.html,"Fri, 03 Oct 2025 13:58:44 +0530","India’s electronics manufacturing drive has pulled in  ₹1.1 trillion commitments under ECMS, but rising capex and looming US tariff risks may test sector optimism."
https://www.livemint.com/rss/markets,Pace Digitek IPO listing date in focus. Here’s what GMP signals about debut of shares,https://www.livemint.com/market/ipo/pace-digitek-ipo-listing-date-in-focus-here-s-what-gmp-signals-about-debut-of-shares-11759479508668.html,"Fri, 03 Oct 2025 13:55:59 +0530","Pace Digitek IPO listing date is October 6. Pace Digitek shares will be listed on both the stock exchanges, BSE and NSE. Ahead of the share listing, Pace Digitek IPO GMP today signals a muted debut of shares in Indian stock market."
https://www.livemint.com/rss/markets,"HAL, BEL to Bharat Dynamics: Is it wise to buy defence stocks amid India-Turkey conflict news?",https://www.livemint.com/market/stock-market-news/hal-bel-to-bharat-dynamics-is-it-wise-to-buy-defence-stocks-amid-india-turkey-conflict-news-11759473782600.html,"Fri, 03 Oct 2025 13:38:13 +0530","Anshul Jain, Head of Research at Lakshmishree said that HAL, BEL, and Bharat Dynamics are showing signs of a 3–4 per cent bounce, but caution is key."
https://www.livemint.com/rss/markets,"Jinkushal Industries share price locked-in at 5% lower circuit after muted listing. Should you buy, sell or hold?",https://www.livemint.com/market/stock-market-news/jinkushal-industries-share-price-locked-in-at-5-lower-circuit-after-muted-listing-should-you-buy-sell-or-hold-11759475931890.html,"Fri, 03 Oct 2025 13:00:56 +0530","Jinkushal Industries shares were listed at  ₹125 apiece on the BSE and NSE, a premium of 3.30% to the issue price of  ₹121 per share. The stock gained 2.5% after the listing and hit a high of  ₹128 apiece on the BSE."
https://www.livemint.com/rss/markets,Amara Raja charged up for demand boost from GST cuts,https://www.livemint.com/market/mark-to-market/amara-raja-share-price-amara-raja-stock-analysis-amara-raja-q1-results-amara-raja-lithium-ion-cells-11759472417853.html,"Fri, 03 Oct 2025 12:52:14 +0530","But phase-1 of its 1 GW lithium-ion cell plant, which was expected to begin in FY26, has been deferred to the second half of FY27, leaving investors nervous."
https://www.livemint.com/rss/markets,"Tata Steel, NALCO to Hindalco: Why is Indian metal stocks skyrocketing today? EXPLAINED",https://www.livemint.com/market/stock-market-news/tata-steel-nalco-to-hindalco-why-is-indian-metal-stocks-skyrocketing-today-explained-11759473505844.html,"Fri, 03 Oct 2025 12:47:02 +0530","Key metal stocks including National Aluminium, Tata Steel, and Jindal Stainless saw gains on October 3, with the Nifty Metal index reaching a record high. Factors like a weakening US dollar, potential EU steel tariffs, and rising demand are driving the rally."
https://www.livemint.com/rss/markets,"Multibagger small-cap stock hits 20% upper circuit for second day after  ₹2,485 crore order win",https://www.livemint.com/market/stock-market-news/atlantaa-share-price-hits-20-upper-circuit-for-second-day-after-rs-2-485-crore-order-win-11759471923832.html,"Fri, 03 Oct 2025 11:55:12 +0530","Atlantaa hit a 1-year high of  ₹55.65 with a 20% rise, following a substantial subcontract with IRCON. The stock has gained 44% recently and 99% in six months, rebounding significantly from past declines and showcasing strong investor interest."
https://www.livemint.com/rss/markets,Bharti Airtel to BEL- Prashanth Tapse of Mehta Equities suggests stocks to buy in the short term,https://www.livemint.com/market/stock-market-news/bharti-airtel-to-bel-prashanth-tapse-of-mehta-equities-suggests-stocks-to-buy-in-the-short-term-11759468329672.html,"Fri, 03 Oct 2025 11:26:06 +0530","On Friday, India's stock market faced a dip, with Nifty 50 flat at 24,829 amid foreign selling pressures. Despite a bullish undertone, experts suggest buying opportunities in Bharti Airtel, Adani Ports, and Bharat Electronics, as they exhibit strong technical indicators."
https://www.livemint.com/rss/markets,V-Mart Retail share price up over 12% after Q2FY26 business update,https://www.livemint.com/market/stock-market-news/vmart-retail-share-price-up-over-12-after-q2fy26-business-update-11759468754001.html,"Fri, 03 Oct 2025 10:56:09 +0530","V-Mart Retail share price gained over 6% in one month, but fell 1% in the past six months. The smallcap stock has declined 18% on a year-to-date (YTD) basis, while it has dropped 28% in one year. However, V-Mart Retail shares have rallied 60% in one year."
https://www.livemint.com/rss/markets,"Jinkushal Industries shares make lukewarm debut, list at 3% premium over IPO price",https://www.livemint.com/market/stock-market-news/jinkushal-industries-shares-make-lukewarm-debut-list-at-3-premium-over-ipo-price-11759466547142.html,"Fri, 03 Oct 2025 10:24:31 +0530",Jinkushal share price listed at  ₹125 apiece at both NSE and BSE. The company’s market capitalization was recorded at  ₹479.83 crore following the listing of its shares.
https://www.livemint.com/rss/markets,"Gold prices today in your city: Check cost in Mumbai, Bengaluru, Chennai, Hyderabad, New Delhi, Kolkata on October 3",https://www.livemint.com/market/commodities/gold-prices-today-october-3-your-city-check-mumbai-bengaluru-chennai-hyderabad-delhi-kolkata-record-high-markets-invest-11759284225106.html,"Fri, 03 Oct 2025 10:19:43 +0530","Gold and silver prices in your city today: Check how much prices have changed in Mumbai, Bengaluru, Chennai, Hyderabad, Delhi and Kolkata on October 3."
https://www.livemint.com/rss/markets,"Trualt Bioenergy share price makes a positive debut, opens with 10% premium at  ₹545.40 apiece on NSE",https://www.livemint.com/market/ipo/trualt-bioenergy-ipo-gmp-trualt-bioenergy-ipo-trualt-bioenergy-ipo-allotment-status-trualt-bioenergy-share-price-11759463538544.html,"Fri, 03 Oct 2025 10:00:24 +0530","The TruAlt Bioenergy IPO raised  ₹750 crore, with total proceeds of  ₹839.38 crore. Shares debuted at  ₹545.40, reflecting strong market interest. The company is expanding its biofuels operations, focusing on second-generation ethanol, and aims to stabilize raw material supply chains."
https://www.livemint.com/rss/markets,Tata Motors Demerger LIVE Updates: Tata Motors share price jumps 3% ahead of demerger record date; Should you buy?,https://www.livemint.com/market/stock-market-news/tata-motors-demerger-live-updates-tata-motors-demerger-record-date-tata-motors-share-price-jlr-passenger-vehicles-tmlcv-11759464715387.html,"Fri, 03 Oct 2025 09:53:41 +0530","Tata Motors Demerger LIVE Updates: Tata Motors demerger record date is October 14. The commercial vehicle division will be demerged into TML Commercial Vehicles Ltd (TMLCV), while passenger vehicle operations will remain under Tata Motors, which will be renamed Tata Motors Passenger Vehicles Ltd."
https://www.livemint.com/rss/markets,"Advance Agrolife IPO Day 3 Live: GMP, subscription status to review. Should you apply?",https://www.livemint.com/market/ipo/advance-agrolife-ipo-day-3-live-gmp-subscription-status-to-review-should-you-apply-11759464221887.html,"Fri, 03 Oct 2025 09:44:01 +0530","Advance Agrolife IPO GMP today: According to market observers, shares of Advance Agrolife Limited are available at a premium of  ₹15 in the grey market today"
https://www.livemint.com/rss/markets,"Gold rate today LIVE Updates: Gold prices set for seventh weekly gain led by US govt shutdown, Fed rate cut hopes",https://www.livemint.com/market/commodities/gold-rate-today-new-delhi-live-updates-gold-price-today-mcx-gold-rate-today-delhi-gold-price-us-shutdown-us-fed-rate-cut-11759460700243.html,"Fri, 03 Oct 2025 09:23:16 +0530","Gold rate today LIVE Updates: Gold has risen 47 per cent so far this year, as it is traditionally considered as safe haven."
https://www.livemint.com/rss/markets,Indian Bank Stocks Fire up After Central Bank Eases Capital Market Lending,https://www.livemint.com/market/stock-market-news/indian-bank-stocks-fire-up-after-central-bank-eases-capital-market-lending-11759463266795.html,"Fri, 03 Oct 2025 09:17:46 +0530",Before the trading day starts we bring you a digest of the key news and events that are likely to move markets. Today we look at:
https://www.livemint.com/rss/markets,"Glottis IPO allotment date likely today. GMP, step-by-step guide to check share allotment status online",https://www.livemint.com/market/ipo/glottis-ipo-allotment-date-likely-today-gmp-step-by-step-guide-to-check-share-allotment-status-online-11759461870052.html,"Fri, 03 Oct 2025 09:06:33 +0530","Glottis IPO allotment date is likely today, October 3, and the IPO listing date is October 7. Investors can check Glottis IPO allotment status through the websites of BSE and NSE, along with the official portal of the IPO registrar. Kfin Technologies is the Glottis IPO registrar."
https://www.livemint.com/rss/markets,"WeWork IPO Day 1 LIVE: Issue booked 3% so far.Check GMP, key dates, review, subscription status, more. Should you apply?",https://www.livemint.com/market/ipo/wework-ipo-gmp-wework-ipo-review-wework-ipo-details-wework-india-ipo-gmp-wework-ipo-date-wework-ipo-size-wework-ipo-11759461414699.html,"Fri, 03 Oct 2025 09:02:35 +0530","WeWork IPO Day 1 LIVE: WeWork IPO will offer shares priced between  ₹615 and  ₹648, with subscriptions open from October 3 to 7. It allocates 75% to QIBs and lists on October 10, with no financial benefit to the company from the OFS. WeWork IPO GMP today is  ₹15."
https://www.livemint.com/rss/markets,Tata Investment Corp. stock jumped 50% in September. Time for caution now.,https://www.livemint.com/market/mark-to-market/tata-investment-corp-stock-jumped-50-in-september-time-for-caution-now-11759389811902.html,"Fri, 03 Oct 2025 09:00:15 +0530","Tata Investment Corp.’s sharp rally has stretched valuations well beyond fundamentals; with gains fuelled by sentiment around stock split and Tata Capital IPO, investors should tread carefully."
https://www.livemint.com/rss/markets,"Sunteck bets on ultra-luxury to drive growth, but Q2 relies on existing projects",https://www.livemint.com/market/mark-to-market/sunteck-realty-share-price-sunteck-realty-stock-analysis-emaance-sunteck-sunteck-presales-11759380696116.html,"Fri, 03 Oct 2025 09:00:14 +0530","However, concerns linger around a likely softness in housing sales in MMR amid tariff-related uncertainties and layoffs in the Indian IT sector, which could affect future housing demand."
https://in.investing.com/rss/news_25.rss,Indonesia shares higher at close of trade; Jakarta Stock Exchange Composite up 0.45%,https://in.investing.com/news/stock-market-news/indonesia-shares-higher-at-close-of-trade-jakarta-stock-exchange-composite-up-045-5030979,2025-10-03 08:30:57,
https://in.investing.com/rss/news_25.rss,Beauty Tech Group jumps 5% on London market debut,https://in.investing.com/news/stock-market-news/beauty-tech-group-jumps-5-on-london-market-debut-5030964,2025-10-03 08:18:08,
https://in.investing.com/rss/news_25.rss,"UBS flags 10% decline in UK fund flows for August, second month of weakness",https://in.investing.com/news/stock-market-news/ubs-flags-10-decline-in-uk-fund-flows-for-august-second-month-of-weakness-5030952,2025-10-03 08:12:07,
https://in.investing.com/rss/news_25.rss,JD Wetherspoon shares down on cost concerns despite higher annual profits,https://in.investing.com/news/stock-market-news/wetherspoon-profit-rises-warns-higher-costs-may-weigh-on-year-ahead-5030839,2025-10-03 08:02:06,
https://in.investing.com/rss/news_25.rss,J.P. Morgan downgrades Evolution Gaming on growth and margin outlook,https://in.investing.com/news/stock-market-news/jp-morgan-downgrades-evolution-gaming-on-growth-and-margin-outlook-5030942,2025-10-03 07:52:08,
https://in.investing.com/rss/news_25.rss,Stock in focus after receiving ₹22 Cr order for heavy engineering machinery,https://in.investing.com/news/stock-market-news/stock-in-focus-after-receiving-22-cr-order-for-heavy-engineering-machinery-5030915,2025-10-03 07:45:19,
https://in.investing.com/rss/news_25.rss,Deutsche Bank upgrades Polar Capital as September net inflows top £0.1bn,https://in.investing.com/news/stock-market-news/deutsche-bank-upgrades-polar-capital-as-september-net-inflows-top-01bn-5030888,2025-10-03 07:30:08,
https://in.investing.com/rss/news_25.rss,These are JPMorgan’s top oil stock picks into Q3 reports,https://in.investing.com/news/stock-market-news/these-are-jpmorgans-top-oil-stock-picks-into-q3-reports-5030886,2025-10-03 07:28:07,
https://in.investing.com/rss/news_25.rss,"European stocks rise further, on course for weekly gains; eurozone PMI data due",https://in.investing.com/news/stock-market-news/european-stocks-rise-further-on-course-for-weekly-gains-eurozone-pmi-data-due-5030867,2025-10-03 07:08:09,
https://in.investing.com/rss/news_25.rss,Nordnet sees surging trades and customer growth in September across Nordics,https://in.investing.com/news/stock-market-news/nordnet-sees-surging-trades-and-customer-growth-in-september-across-nordics-5030866,2025-10-03 07:04:08,
https://in.investing.com/rss/news_357.rss,Natera (NTRA) sec. Rabinowitz sells $221k in shares,https://in.investing.com/news/insider-trading-news/natera-ntra-sec-rabinowitz-sells-221k-in-shares-93CH-5029544,2025-10-02 01:40:09,
https://in.investing.com/rss/news_357.rss,"Natera CFO Brophy sells $403,673 in shares",https://in.investing.com/news/insider-trading-news/natera-cfo-brophy-sells-403673-in-shares-93CH-5029542,2025-10-02 01:38:09,
https://in.investing.com/rss/news_357.rss,Natera CEO Chapman sells $3.7m in stock,https://in.investing.com/news/insider-trading-news/natera-ceo-chapman-sells-37m-in-stock-93CH-5029541,2025-10-02 01:38:09,
https://in.investing.com/rss/news_357.rss,Natera Inc: president Moshkevich sells $479k in stock,https://in.investing.com/news/insider-trading-news/natera-inc-president-moshkevich-sells-479k-in-stock-93CH-5029543,2025-10-02 01:38:08,
https://in.investing.com/rss/news_357.rss,"Ormat technologies (ORA) director Sharir Dafna sells $94,862 in stock",https://in.investing.com/news/insider-trading-news/ormat-technologies-ora-director-sharir-dafna-sells-94862-in-stock-93CH-5029540,2025-10-02 01:26:09,
https://in.investing.com/rss/news_357.rss,"Das Souvik, Clearwater Analytics CTO, sells $94,166 in shares",https://in.investing.com/news/insider-trading-news/das-souvik-clearwater-analytics-cto-sells-94166-in-shares-93CH-5029537,2025-10-02 01:14:09,
https://in.investing.com/rss/news_357.rss,Clearwater Analytics CCO Sethi sells $131k in shares,https://in.investing.com/news/insider-trading-news/clearwater-analytics-cco-sethi-sells-131k-in-shares-93CH-5029538,2025-10-02 01:14:08,
https://in.investing.com/rss/news_357.rss,"Clearwater analytics CFO Cox sells $104,631 in shares",https://in.investing.com/news/insider-trading-news/clearwater-analytics-cfo-cox-sells-104631-in-shares-93CH-5029533,2025-10-02 01:06:10,
https://in.investing.com/rss/news_357.rss,"Erickson, Clearwater Analytics CRO, sells $79,635 in shares",https://in.investing.com/news/insider-trading-news/erickson-clearwater-analytics-cro-sells-79635-in-shares-93CH-5029534,2025-10-02 01:06:09,
https://in.investing.com/rss/news_357.rss,"Clearwater analytics CEO Sahai sells $293,300 in shares",https://in.investing.com/news/insider-trading-news/clearwater-analytics-ceo-sahai-sells-293300-in-shares-93CH-5029532,2025-10-02 01:06:09,
